Workbook

Sheet Requirements
A1: MANUAL TESTING — TEST METRICS & ANALYTICS
A2: Requirements — Online Flight Booking Website
A4: Requirement ID | B4: Requirement
A5: R1 | B5: The system shall allow users to log in using valid credentials.
A6: R2 | B6: The system shall allow users to search for available flights.
A7: R3 | B7: The system shall allow users to select a valid travel date.
A8: R4 | B8: The system shall allow users to enter valid passenger details.
A9: R5 | B9: The system shall allow users to select an available flight.
A10: R6 | B10: The system shall allow users to select an available seat.
A11: R7 | B11: The system shall process payments using valid payment details.
A12: R8 | B12: The system shall confirm a booking after successful payment.
A13: R9 | B13: The system shall allow users to cancel an existing booking.
A14: R10 | B14: The system shall allow logged-in users to view booking history.
A16: Total Requirements = | B16: =COUNTA(A5:A14) -> 10

Sheet Test Cases
A1: TC ID | B1: Requirement ID | C1: Test Case | D1: Expected Result | E1: Actual Result | F1: Status
A2: TC01 | B2: R1 | C2: Login with valid username and password | D2: User should log in successfully | E2: User logged in successfully | F2: Pass
A3: TC02 | B3: R1 | C3: Login with invalid password | D3: Error message should be displayed | E3: Dashboard opened without error message | F3: Fail
A4: TC03 | B4: R1 | C4: Login with invalid username | D4: Error message should be displayed | E4: Error message displayed | F4: Pass
A5: TC04 | B5: R1 | C5: Login with both fields empty | D5: Mandatory messages should appear | E5: Mandatory messages appeared | F5: Pass
A6: TC05 | B6: R1 | C6: Login with valid username and empty password | D6: Password validation should appear | E6: Password validation appeared | F6: Pass
A7: TC06 | B7: R1 | C7: Login with empty username and valid password | D7: Username validation should appear | E7: Username validation appeared | F7: Pass
A8: TC07 | B8: R1 | C8: Login with incorrect username and password | D8: Invalid credentials message should appear | E8: Invalid credentials message appeared | F8: Pass
A9: TC08 | B9: R1 | C9: Login using password with special characters | D9: Password should be accepted if valid | E9: Password accepted | F9: Pass
A10: TC09 | B10: R1 | C10: Enter password and check masking | D10: Password should be masked | E10: Password was masked | F10: Pass
A11: TC10 | B11: R1 | C11: Enter password exceeding allowed length | D11: System should show validation message | E11: System accepted excessive characters | F11: Fail
A12: TC11 | B12: R2 | C12: Search using valid source and destination | D12: Available flights should be displayed | E12: Flights displayed | F12: Pass
... A101: TC100 | B101: R10 | C101: View another user's booking history | D101: Access should be denied | E101: Other user's history displayed | F101: Fail

Sheet Test Case Summary
A1: Test Case Summary
A3: Test Status | B3: Number
A4: Total Test Cases | B4: 100
A5: Executed Test Cases | B5: 90
A6: Passed Test Cases | B6: 72
A7: Failed Test Cases | B7: 18
A8: Not Executed | B8: 10
A10: Check: Passed + Failed = Executed | B10: =B6+B7-B5 -> 0
A11: Check: Executed + Not Executed = Total | B11: =B5+B8-B4 -> 0

Sheet Metrics
A1: Test Metrics & Analytics
A3: 1. Test Coverage
A4: Total Requirements | B4: =Requirements!B16 -> 10
A5: Requirements Tested | B5: 9
A6: Test Coverage (%) | B6: =(B5/B4)*100 -> 90
A8: 2. Test Execution Percentage
A9: Total Test Cases | B9: ='Test Case Summary'!B4 -> 100
A10: Executed Test Cases | B10: ='Test Case Summary'!B5 -> 90
A11: Test Execution (%) | B11: =(B10/B9)*100 -> 90
A13: 3. Pass Rate / Fail Rate
A14: Passed Test Cases | B14: ='Test Case Summary'!B6 -> 72
A15: Failed Test Cases | B15: ='Test Case Summary'!B7 -> 18
A16: Pass Rate (%) | B16: =(B14/B10)*100 -> 80
A17: Fail Rate (%) | B17: =(B15/B10)*100 -> 20
A19: 4. Defect Density
A20: Lines of Code (LOC) | B20: 40000
A21: Total Defects | B21: 20
A22: KLOC | B22: =B20/1000 -> 40
A23: Defect Density (defects/KLOC) | B23: =B21/B22 -> 0.5
A25: 5. Page Loading Time (seconds)
A26: Sample values | B26: 2 | C26: 3 | D26: 4 | E26: 3 | F26: 8
A27: Mean (Average) | B27: =AVERAGE(B26:F26) -> 4
A28: Median | B28: =MEDIAN(B26:F26) -> 3
A30: 6. API Response Time (ms)
A31: Sample values | B31: 100 | C31: 120 | D31: 150 | E31: 110 | F31: 130 | G31: 90
A32: Mean (Average) | B32: =AVERAGE(B31:G31) -> 116.66667
A33: Median | B33: =MEDIAN(B31:G31) -> 115
A35: 7. Critical Defect Percentage
A36: Total Defects | B36: =B21 -> 20
A37: Critical Defects | B37: 2
A38: Critical Defect Percentage (%) | B38: =(B37/B36)*100 -> 10

Sheet Defect Distribution
A1: Defect Distribution by Severity
A3: Severity | B3: Number of Defects | C3: Percentage
A4: Critical | B4: 2 | C4: =B4/$B$8*100 -> 10
A5: High | B5: 4 | C5: =B5/$B$8*100 -> 20
A6: Medium | B6: 8 | C6: =B6/$B$8*100 -> 40
A7: Low | B7: 6 | C7: =B7/$B$8*100 -> 30
A8: Total | B8: =SUM(B4:B7) -> 20 | C8: =SUM(C4:C7) -> 100
